{"Session 1": {
    "Suggestions": [{
        "Error Amount Y": 197.1313455332545,
        "Error Amount X": 70.72037359769888,
        "Direction X": "left",
        "Shot Y": 100,
        "Shot X": 200,
        "Direction Y": "down"
    }],
    "Target Distance": 100,
    "Target Y": 301.8376583358382,
    "Target Type": "circle",
    "Target X": 272.4087514595048
}}